departamento,n,n_ef_tiempo,mediana_deslizamiento,pct_retraso_mayor_30,n_ef_costo,mediana_costo,pct_no_entregado,mediana_valor
Distrito Capital de Bogotá,7345,5365,15.0,45.0,2618,0.0,26.7,359940995.0
Antioquia,2062,1936,1.0,17.3,1179,-1.8010306686166066e-06,26.3,166431773.0
Valle del Cauca,919,854,3.0,34.0,144,0.0,15.8,439337686.0
Boyacá,841,820,1.0,26.6,394,-2.4472495362462125e-08,10.8,95189183.0
Caldas,793,733,1.0,28.5,305,-10.012459526344033,41.9,159998523.0
Cundinamarca,745,685,1.0,27.9,460,-3.2510787871360715e-06,10.9,220316110.0
Santander,654,618,1.0,28.2,484,0.0,17.1,198219907.5
Norte de Santander,521,501,1.0,21.4,464,0.0,12.3,299107156.0
Huila,466,394,0.0,25.1,387,0.0,21.9,227037842.5
No Definido,436,364,1.0,25.5,217,0.0,31.7,116723580.0
