,Valor contrato,Precio base,Plazo pactado,Plazo final,Deslizamiento,Desv. costo,Sobrecosto vs PB,Oferentes,Invitados,Visualizaciones,Modificaciones,Dias adicionados,Anio firma
Valor contrato,1.0,0.969,0.604,0.657,0.379,-0.359,0.167,0.252,0.035,0.46,0.506,0.253,-0.049
Precio base,0.969,1.0,0.598,0.647,0.369,-0.351,0.032,0.288,0.016,0.466,0.479,0.238,-0.064
Plazo pactado,0.604,0.598,1.0,0.877,0.3,-0.24,0.183,0.025,-0.111,0.101,0.359,0.291,-0.164
Plazo final,0.657,0.647,0.877,1.0,0.631,-0.274,0.17,0.056,-0.127,0.125,0.541,0.349,-0.141
Deslizamiento,0.379,0.369,0.3,0.631,1.0,-0.138,0.132,-0.0,-0.136,0.05,0.51,0.345,-0.11
Desv. costo,-0.359,-0.351,-0.24,-0.274,-0.138,1.0,-0.112,-0.203,-0.036,-0.253,-0.258,-0.205,-0.013
Sobrecosto vs PB,0.167,0.032,0.183,0.17,0.132,-0.112,1.0,-0.263,0.074,-0.094,0.165,0.095,0.107
Oferentes,0.252,0.288,0.025,0.056,-0.0,-0.203,-0.263,1.0,0.134,0.746,0.185,-0.016,-0.155
Invitados,0.035,0.016,-0.111,-0.127,-0.136,-0.036,0.074,0.134,1.0,0.442,-0.044,-0.082,-0.005
Visualizaciones,0.46,0.466,0.101,0.125,0.05,-0.253,-0.094,0.746,0.442,1.0,0.258,0.026,-0.116
Modificaciones,0.506,0.479,0.359,0.541,0.51,-0.258,0.165,0.185,-0.044,0.258,1.0,0.143,-0.095
Dias adicionados,0.253,0.238,0.291,0.349,0.345,-0.205,0.095,-0.016,-0.082,0.026,0.143,1.0,0.154
Anio firma,-0.049,-0.064,-0.164,-0.141,-0.11,-0.013,0.107,-0.155,-0.005,-0.116,-0.095,0.154,1.0
